Threads,Time,Value
1,4770,3.14159
2,2472,3.14159
4,1222,3.14159
8,1170,3.14159
16,1175,3.14159
