Size,Basic,Eigen
1,0.133
2,0.204
3,0.289
4,14.751
5,0.672
6,1.018
7,1.493
8,2.14
9,3.002
10,4.083
20,31.305
30,147.613
40,455.016
50,479.374
60,909.972
70,1032.84
80,1659.02
90,2260.7
100,3476.44
200,32020.6
300,109505
400,254275
500,521920
600,929372
700,1.46872e+06
800,3.31003e+06
900,3.73834e+06
1000,7.41285e+06
