Size,Basic
1,0
2,0
3,0
4,0
5,0
6,0
7,0
8,0
9,0
10,0
20,0
30,0
40,0
50,0
60,0
70,0
80,0.992
90,0
100,1.0039
200,9.9363
300,27.8885
400,69.9708
500,133.114
600,221.915
700,372.042
800,662.223
900,1513.39
1000,2420.14
2000,37411.6
3000,182987
4000,478284
5000,978779
6000,1.73561e+06
7000,2.77312e+06
8000,4.19282e+06
9000,6.00921e+06
10000,8.37254e+06
