Size,Basic
1,1,0
2,2,0
3,3,0
4,4,0
5,5,0
6,6,0
7,7,0
8,8,0
9,9,0
10,10,0
20,20,0
30,30,0
40,40,0
50,50,0
60,60,0
70,70,0
80,80,0
90,90,0
100,100,0
200,200,7.9426
300,300,28.9211
400,400,63.8244
500,500,132.607
600,600,221.446
700,700,428.831
800,800,722.072
900,900,1085.14
1000,1000,1995.66
2000,2000,35062.9
3000,3000,177378
4000,4000,457287
5000,5000,945221
6000,6000,1.69538e+06
7000,7000,2.76039e+06
8000,8000,4.17973e+06
9000,9000,5.98962e+06
10000,10000,8.31759e+06
